{
  "f1": {
    "chexpert": {
      "Frozen VLM": {
        "Qwen2": 0.04716503244238363,
        "Qwen3.5-2B": 0.45566447531971893
      },
      "CBM post-hoc": {
        "Qwen2": 0.6214041113853455,
        "Qwen3.5-2B": 0.6617056131362915
      },
      "CBM label-free": {
        "Qwen2": 0.4759969115257263,
        "Qwen3.5-2B": 0.6595310568809509
      },
      "CCA": {
        "Qwen2": 0.6737132668495178,
        "Qwen3.5-2B": 0.6927525997161865
      }
    },
    "nih": {
      "Frozen VLM": {
        "Qwen2": 0.05917376204726733,
        "Qwen3.5-2B": 0.14708980398014848
      },
      "CBM post-hoc": {
        "Qwen2": 0.05341225489974022,
        "Qwen3.5-2B": 0.13458596169948578
      },
      "CBM label-free": {
        "Qwen2": 0.05212584137916565,
        "Qwen3.5-2B": 0.08739788085222244
      },
      "CCA": {
        "Qwen2": 0.1358029544353485,
        "Qwen3.5-2B": 0.1326647698879242
      }
    }
  },
  "auroc": {
    "chexpert": {
      "Frozen VLM": {
        "Qwen2": 0.49231111046927706,
        "Qwen3.5-2B": 0.6701774740776502
      },
      "CBM post-hoc": {
        "Qwen2": 0.5420452259352704,
        "Qwen3.5-2B": 0.7164495935664897
      },
      "CBM label-free": {
        "Qwen2": 0.6160426751631259,
        "Qwen3.5-2B": 0.6139529480615077
      },
      "CCA": {
        "Qwen2": 0.6656305385699508,
        "Qwen3.5-2B": 0.7005674232243839
      }
    },
    "nih": {
      "Frozen VLM": {
        "Qwen2": 0.523710437006886,
        "Qwen3.5-2B": 0.7455423137524008
      },
      "CBM post-hoc": {
        "Qwen2": 0.48934161483643734,
        "Qwen3.5-2B": 0.6534661528958481
      },
      "CBM label-free": {
        "Qwen2": 0.5388516319802533,
        "Qwen3.5-2B": 0.5529886463015234
      },
      "CCA": {
        "Qwen2": 0.6332288601824666,
        "Qwen3.5-2B": 0.6301519208222677
      }
    }
  }
}