{
  "chexpert": {
    "Frozen VLM": {
      "Qwen2": 0.04716503244238363,
      "Qwen3.5-2B": 0.45566447531971893
    },
    "CBM post-hoc": {
      "Qwen2": 0.6214041113853455,
      "Qwen3.5-2B": 0.6617056131362915
    },
    "CBM label-free": {
      "Qwen2": 0.4759969115257263,
      "Qwen3.5-2B": 0.6595310568809509
    },
    "CCA": {
      "Qwen2": 0.6737132668495178,
      "Qwen3.5-2B": 0.6927525997161865
    }
  },
  "nih": {
    "Frozen VLM": {
      "Qwen2": 0.05917376204726733,
      "Qwen3.5-2B": 0.14708980398014848
    },
    "CBM post-hoc": {
      "Qwen2": 0.05341225489974022,
      "Qwen3.5-2B": 0.13458596169948578
    },
    "CBM label-free": {
      "Qwen2": 0.05212584137916565,
      "Qwen3.5-2B": 0.08739788085222244
    },
    "CCA": {
      "Qwen2": 0.1358029544353485,
      "Qwen3.5-2B": 0.1326647698879242
    }
  }
}